{"cameraMode":{"drawMode":0,"name":"Shaded","section":"Shading Mode"},"sceneLighting":false,"audioPlay":false,"sceneViewState":{"m_AlwaysRefresh":false,"showFog":true,"showSkybox":false,"showFlares":true,"showImageEffects":true,"showParticleSystems":true,"showVisualEffectGraphs":true,"m_FxEnabled":true},"in2DMode":false,"pivot":{"x":-0.0012814998626708985,"y":1.491161823272705,"z":2.0102195739746095},"rotation":{"x":-0.11715785413980484,"y":0.8659821152687073,"z":-0.23995594680309297,"w":-0.42281052470207217},"size":1.7165062427520753,"orthographic":false}